aalen,AALEN
aalig,AALIG
aasen,AASEN
Aaser,AASER
aasig,AASIG
Abaca,ABACA
Abade,ABADE
Abaka,ABAKA
Abart,ABART
Abasa,ABASA
Abate,ABATE
Abaya,ABAYA
Abbau,ABBAU
Abece,ABECE
Abend,ABEND
abern,ABERN
Abgas,ABGAS
abher,ABHER
abhin,ABHIN
Abies,ABIES
Ablad,ABLAD
Abort,ABORT
Abrin,ABRIN
Abruf,ABRUF
Abtei,ABTEI
abtun,ABTUN
Abweg,ABWEG
Abzug,ABZUG
Abzym,ABZYM
Achat,ACHAT
Achel,ACHEL
Achse,ACHSE
Achte,ACHTE
achte,ACHTE
Acker,ACKER
Ackja,ACKJA
Acryl,ACRYL
Actio,ACTIO
Addax,ADDAX
adden,ADDEN
adeln,ADELN
Adept,ADEPT
adern,ADERN
Adieu,ADIEU
Adler,ADLER
adlig,ADLIG
Admin,ADMIN
Adnex,ADNEX
Adobe,ADOBE
Adria,ADRIA
adult,ADULT
Aedil,AEDIL
aerob,AEROB
Aetit,AETIT
affig,AFFIG
affin,AFFIN
Affix,AFFIX
After,AFTER
Agade,AGADE
Agape,AGAPE
Agave,AGAVE
Agens,AGENS
Agent,AGENT
Agnat,AGNAT
Agora,AGORA
Aguti,AGUTI
ahmen,AHMEN
ahnen,AHNEN
Ahnin,AHNIN
Ahorn,AHORN
Aioli,AIOLI
Aisch,AISCH
Aitel,AITEL
Ajvar,AJVAR
Akara,AKARA
akral,AKRAL
Akren,AKREN
Aktie,AKTIE
Aktin,AKTIN
aktiv,AKTIV
Aktiv,AKTIV
Aktor,AKTOR
alaaf,ALAAF
Aland,ALAND
Alane,ALANE
Alant,ALANT
Alarm,ALARM
Alaun,ALAUN
Alben,ALBEN
Albit,ALBIT
Album,ALBUM
Albus,ALBUS
alert,ALERT
Alert,ALERT
Algol,ALGOL
Alias,ALIAS
alias,ALIAS
Alibi,ALIBI
Alien,ALIEN
Alija,ALIJA
Aliud,ALIUD
Alkan,ALKAN
Alken,ALKEN
Alkin,ALKIN
allda,ALLDA
Allee,ALLEE
allel,ALLEL
Allel,ALLEL
aller,ALLER
alles,ALLES
Allod,ALLOD
allzu,ALLZU
almen,ALMEN
Alpha,ALPHA
alpin,ALPIN
Altai,ALTAI
Altan,ALTAN
Altar,ALTAR
Alter,ALTER
Altin,ALTIN
Alune,ALUNE
Amara,AMARA
Amati,AMATI
Ambai,AMBAI
Amber,AMBER
ambig,AMBIG
Ambra,AMBRA
Amero,AMERO
Amiga,AMIGA
Amigo,AMIGO
Amish,AMISH
Ammei,AMMEI
Ammer,AMMER
Ampel,AMPEL
Amper,AMPER
amper,AMPER
Amsel,AMSEL
Amyda,AMYDA
Anbau,ANBAU
anbei,ANBEI
Anbot,ANBOT
Andel,ANDEL
andin,ANDIN
Angel,ANGEL
Anger,ANGER
Angon,ANGON
Angst,ANGST
Anime,ANIME
Anion,ANION
Anker,ANKER
Anmut,ANMUT
Annex,ANNEX
Anode,ANODE
Anruf,ANRUF
antik,ANTIK
antun,ANTUN
Anyon,ANYON
Anzug,ANZUG
Aorta,AORTA
apart,APART
apern,APERN
Apfel,APFEL
Aphel,APHEL
Apnoe,APNOE
April,APRIL
Apsis,APSIS
Arche,ARCHE
Areal,AREAL
Arena,ARENA
Argon,ARGON
Argot,ARGOT
Arier,ARIER
arkan,ARKAN
Armee,ARMEE
Armer,ARMER
Armut,ARMUT
Aroma,AROMA
Arrak,ARRAK
Array,ARRAY
Arrha,ARRHA
Arsch,ARSCH
Arsen,ARSEN
Artel,ARTEL
arten,ARTEN
artig,ARTIG
Asado,ASADO
Asana,ASANA
Asant,ASANT
Asche,ASCHE
Ascus,ASCUS
Asiat,ASIAT
Asket,ASKET
Askus,ASKUS
Aspie,ASPIE
Aspik,ASPIK
assai,ASSAI
Assel,ASSEL
Astat,ASTAT
asten,ASTEN
Aster,ASTER
Atair,ATAIR
Atman,ATMAN
atmen,ATMEN
Atmen,ATMEN
Atoll,ATOLL
Atout,ATOUT
atzen,ATZEN
Audio,AUDIO
Audit,AUDIT
Augit,AUGIT
Augur,AUGUR
Aulet,AULET
Aulos,AULOS
Aurum,AURUM
Aussi,AUSSI
Autie,AUTIE
Autor,AUTOR
auweh,AUWEH
auwei,AUWEI
Auxin,AUXIN
Avare,AVARE
Avers,AVERS
Aviso,AVISO
Award,AWARD
Aware,AWARE
axial,AXIAL
Axiom,AXIOM
Ayran,AYRAN
azurn,AZURN
Babel,BABEL
Bache,BACHE
Backe,BACKE
Bacon,BACON
Baden,BADEN
baden,BADEN
Bader,BADER
Bagel,BAGEL
Bagno,BAGNO
Bahai,BAHAI
Bahre,BAHRE
Baiao,BAIAO
Bailo,BAILO
Bakel,BAKEL
Balsa,BALSA
Balte,BALTE
Balyk,BALYK
Bambi,BAMBI
banal,BANAL
Banda,BANDA
Bande,BANDE
Bange,BANGE
bange,BANGE
Bania,BANIA
Banja,BANJA
Banjo,BANJO
Banse,BANSE
Bantu,BANTU
Barbe,BARBE
Barde,BARDE
Bares,BARES
Barke,BARKE
Baron,BARON
Barre,BARRE
Barte,BARTE
Baryt,BARYT
basal,BASAL
Basar,BASAR
BASIC,BASIC
Basis,BASIS
Baske,BASKE
Basse,BASSE
basta,BASTA
Baste,BASTE
Batik,BATIK
Baton,BATON
Bauch,BAUCH
Baude,BAUDE
bauen,BAUEN
Bauen,BAUEN
Bauer,BAUER
Baule,BAULE
Baute,BAUTE
Bayer,BAYER
Bayou,BAYOU
Bazar,BAZAR
Beach,BEACH
Bebbi,BEBBI
beben,BEBEN
Beben,BEBEN
Bebop,BEBOP
Beere,BEERE
Begum,BEGUM
Behuf,BEHUF
beide,BEIDE
Beidl,BEIDL
beige,BEIGE
Beige,BEIGE
Beile,BEILE
Beisl,BEISL
Beize,BEIZE
beizu,BEIZU
Belag,BELAG
Beleg,BELEG
Bello,BELLO
Bemba,BEMBA
Bemme,BEMME
Berme,BERME
Beruf,BERUF
Besan,BESAN
Besen,BESEN
Beste,BESTE
Betel,BETEL
beten,BETEN
Beten,BETEN
Beter,BETER
Beton,BETON
betun,BETUN
Beuge,BEUGE
Beule,BEULE
Beute,BEUTE
bevor,BEVOR
Bezug,BEZUG
Bhang,BHANG
Bibax,BIBAX
Bibel,BIBEL
Biber,BIBER
Bidet,BIDET
Biene,BIENE
bienn,BIENN
Biese,BIESE
Biest,BIEST
Bigha,BIGHA
Bigos,BIGOS
Bijou,BIJOU
biken,BIKEN
Biker,BIKER
Bilch,BILCH
Bilge,BILGE
Bimbo,BIMBO
Binde,BINDE
Binge,BINGE
bingo,BINGO
Bingo,BINGO
Binom,BINOM
Binse,BINSE
biped,BIPED
Birke,BIRKE
Birne,BIRNE
Bisam,BISAM
Bison,BISON
biste,BISTE
Bitok,BITOK
Bitte,BITTE
bitte,BITTE
Bitze,BITZE
Biwak,BIWAK
blach,BLACH
Blage,BLAGE
Blahe,BLAHE
bland,BLAND
blank,BLANK
Blank,BLANK
Blase,BLASE
blass,BLASS
Blatt,BLATT
Blech,BLECH
Bletz,BLETZ
Blick,BLICK
Blide,BLIDE
Blimp,BLIMP
blind,BLIND
Blini,BLINI
Blitz,BLITZ
Bloch,BLOCH
Block,BLOCK
blond,BLOND
blubb,BLUBB
Blues,BLUES
Bluff,BLUFF
Blume,BLUME
Blunt,BLUNT
Bluse,BLUSE
Blust,BLUST
blutt,BLUTT
Bobby,BOBBY
Bober,BOBER
Bobot,BOBOT
Boden,BODEN
Bogen,BOGEN
Bogey,BOGEY
bogig,BOGIG
Bohei,BOHEI
Bohle,BOHLE
Bohne,BOHNE
Boier,BOIER
boing,BOING
Bojar,BOJAR
Boldo,BOLDO
Bolid,BOLID
Bolle,BOLLE
Bombe,BOMBE
Bombo,BOMBO
Bongo,BONGO
Bonje,BONJE
Bonus,BONUS
Bonze,BONZE
Borke,BORKE
Borte,BORTE
Bosna,BOSNA
Boson,BOSON
Bosse,BOSSE
Botin,BOTIN
bovin,BOVIN
Bowle,BOWLE
Bowls,BOWLS
Boxen,BOXEN
boxen,BOXEN
Boxer,BOXER
Braai,BRAAI
brach,BRACH
Brack,BRACK
Brand,BRAND
Brass,BRASS
Brast,BRAST
Braue,BRAUE
braun,BRAUN
Braun,BRAUN
Braut,BRAUT
bravo,BRAVO
Bravo,BRAVO
Break,BREAK
breit,BREIT
Breme,BREME
Brett,BRETT
Breve,BREVE
Breze,BREZE
Brezn,BREZN
Brief,BRIEF
Bries,BRIES
Brigg,BRIGG
Brime,BRIME
Brink,BRINK
Brise,BRISE
Brite,BRITE
Brony,BRONY
Bruch,BRUCH
Bruck,BRUCK
brumm,BRUMM
Brust,BRUST
Buach,BUACH
buben,BUBEN
Buche,BUCHE
Buchs,BUCHS
Bucht,BUCHT
Budel,BUDEL
Buffo,BUFFO
Buggy,BUGGY
Buhei,BUHEI
buhen,BUHEN
Buhle,BUHLE
Buhne,BUHNE
Bulge,BULGE
Bulin,BULIN
Bulle,BULLE
Bulwe,BULWE
Bunda,BUNDA
Bunge,BUNGE
Buran,BURAN
Burin,BURIN
Burka,BURKA
Burke,BURKE
Burro,BURRO
Burse,BURSE
Burst,BURST
Busch,BUSCH
Busen,BUSEN
busig,BUSIG
Butan,BUTAN
butch,BUTCH
Butch,BUTCH
Buten,BUTEN
buten,BUTEN
Butin,BUTIN
Butte,BUTTE
Butyl,BUTYL
Butze,BUTZE
BWLer,BWLER
Caban,CABAN
Cache,CACHE
Caipi,CAIPI
Cajon,CAJON
Cameo,CAMEO
Cargo,CARGO
Casus,CASUS
Causa,CAUSA
Cavum,CAVUM
Cella,CELLA
Cello,CELLO
Chaos,CHAOS
Chaot,CHAOT
Charm,CHARM
Chart,CHART
Check,CHECK
Chedi,CHEDI
Chemo,CHEMO
Chewa,CHEWA
Chick,CHICK
Chili,CHILI
Chino,CHINO
Chlor,CHLOR
Choke,CHOKE
Choli,CHOLI
Chose,CHOSE
Chrom,CHROM
Chunk,CHUNK
Cidre,CIDRE
circa,CIRCA
Claim,CLAIM
Clash,CLASH
clean,CLEAN
Cloud,CLOUD
Clown,CLOWN
Coach,COACH
Cobla,COBLA
Cobol,COBOL
Cobot,COBOT
coden,CODEN
Codex,CODEX
Codon,CODON
Combo,COMBO
Comic,COMIC
Comte,COMTE
Corps,CORPS
Couch,COUCH
Count,COUNT
Coupe,COUPE
Court,COURT
Coven,COVEN
Cover,COVER
Crack,CRACK
Craps,CRAPS
Crash,CRASH
Credo,CREDO
Creek,CREEK
Crema,CREMA
Creme,CREME
creme,CREME
Crime,CRIME
cross,CROSS
Cross,CROSS
Crwth,CRWTH
Curia,CURIA
Curie,CURIE
Curry,CURRY
dabei,DABEI
Dachs,DACHS
Dacke,DACKE
Daddy,DADDY
Daesh,DAESH
Dagga,DAGGA
daher,DAHER
dahin,DAHIN
Daina,DAINA
Daker,DAKER
Dalit,DALIT
Dalle,DALLE
dalli,DALLI
damit,DAMIT
Dampf,DAMPF
Dandy,DANDY
danke,DANKE
daran,DARAN
darem,DAREM
darin,DARIN
darob,DAROB
Darre,DARRE
Darts,DARTS
darum,DARUM
dasig,DASIG
Datei,DATEI
Daten,DATEN
daten,DATEN
Dativ,DATIV
Datum,DATUM
Daube,DAUBE
dauen,DAUEN
Dauer,DAUER
Daune,DAUNE
Davit,DAVIT
davon,DAVON
davor,DAVOR
dawai,DAWAI
Debet,DEBET
debil,DEBIL
Decan,DECAN
Decke,DECKE
Deern,DEERN
Degen,DEGEN
Deich,DEICH
Deist,DEIST
Dekan,DEKAN
Dekor,DEKOR
Delir,DELIR
Delle,DELLE
Delta,DELTA
Demos,DEMOS
Demse,DEMSE
Demut,DEMUT
Denar,DENAR
Dendi,DENDI
Denke,DENKE
Depot,DEPOT
depri,DEPRI
derbe,DERBE
Derby,DERBY
derem,DEREM
desto,DESTO
Detox,DETOX
detto,DETTO
Deuce,DEUCE
Devon,DEVON
devot,DEVOT
Dezil,DEZIL
Dhoti,DHOTI
dicht,DICHT
dicke,DICKE
Dicke,DICKE
Diele,DIELE
Dieme,DIEME
Digga,DIGGA
Dildo,DILDO
Dille,DILLE
Dimer,DIMER
Dimli,DIMLI
Dinar,DINAR
Diner,DINER
Dingi,DINGI
Dingo,DINGO
Dings,DINGS
Diode,DIODE
Dipol,DIPOL
Direx,DIREX
Dirne,DIRNE
Disco,DISCO
Disko,DISKO
Divan,DIVAN
Divis,DIVIS
Diwan,DIWAN
Dixie,DIXIE
DJane,DJANE
Docht,DOCHT
Docke,DOCKE
Dogge,DOGGE
Dogma,DOGMA
Dogon,DOGON
Dohle,DOHLE
Dokus,DOKUS
Dolch,DOLCH
Dolde,DOLDE
dolen,DOLEN
Dolle,DOLLE
dolos,DOLOS
Donga,DONGA
Donna,DONNA
Donut,DONUT
Doofi,DOOFI
dopen,DOPEN
Dorer,DORER
Dosha,DOSHA
Dosis,DOSIS
doxen,DOXEN
Doyen,DOYEN
Draft,DRAFT
Draht,DRAHT
drall,DRALL
Drall,DRALL
Drama,DRAMA
Drang,DRANG
drauf,DRAUF
draus,DRAUS
Dreck,DRECK
Drehe,DREHE
dreie,DREIE
drein,DREIN
Dress,DRESS
Drift,DRIFT
Drill,DRILL
Drink,DRINK
Driss,DRISS
dritt,DRITT
Drive,DRIVE
Droge,DROGE
Drohn,DROHN
Drops,DROPS
Druck,DRUCK
Drude,DRUDE
Druse,DRUSE
Ducht,DUCHT
Duell,DUELL
Duett,DUETT
dufte,DUFTE
Dummi,DUMMI
Dummy,DUMMY
dumpf,DUMPF
Dunam,DUNAM
Dunst,DUNST
Duodi,DUODI
Duque,DUQUE
dural,DURAL
Dural,DURAL
durch,DURCH
Durit,DURIT
Durra,DURRA
Durst,DURST
Dusel,DUSEL
Dutte,DUTTE
Duvet,DUVET
duzen,DUZEN
Duzen,DUZEN
Dweil,DWEIL
Dyade,DYADE
Dyula,DYULA
Eagle,EAGLE
ebben,EBBEN
ebber,EBBER
ebbes,EBBES
Ebene,EBENE
ebent,EBENT
ebnen,EBNEN
Ebola,EBOLA
Echse,ECHSE
Ecker,ECKER
eckig,ECKIG
edeln,EDELN
Edikt,EDIKT
Edukt,EDUKT
Effet,EFFET
Egart,EGART
eggen,EGGEN
ehern,EHERN
ehren,EHREN
eiben,EIBEN
Eiche,EICHE
Eidam,EIDAM
eiden,EIDEN
eiern,EIERN
Eifer,EIFER
eigen,EIGEN
Eigen,EIGEN
eilen,EILEN
eilig,EILIG
Eimer,EIMER
einem,EINEM
einen,EINEN
einer,EINER
Einer,EINER
eines,EINES
einig,EINIG
einst,EINST
Eisen,EISEN
eisen,EISEN
eisig,EISIG
eitel,EITEL
Eitel,EITEL
Eiter,EITER
Eizes,EIZES
ekeln,EKELN
Eklat,EKLAT
eklig,EKLIG
Ekzem,EKZEM
Elbin,ELBIN
Elend,ELEND
elend,ELEND
Eleve,ELEVE
Elfer,ELFER
Elfin,ELFIN
elfte,ELFTE
Elger,ELGER
Elite,ELITE
eljen,ELJEN
Eloah,ELOAH
Eloge,ELOGE
Elter,ELTER
Email,EMAIL
emden,EMDEN
Emmer,EMMER
Emoji,EMOJI
empor,EMPOR
emsig,EMSIG
enden,ENDEN
Engel,ENGEL
engen,ENGEN
Enkel,ENKEL
ennet,ENNET
Ennui,ENNUI
enorm,ENORM
Enzin,ENZIN
Enzym,ENZYM
Ephor,EPHOR
Equid,EQUID
erben,ERBEN
Erbin,ERBIN
Erbse,ERBSE
erden,ERDEN
erdig,ERDIG
Erica,ERICA
Erker,ERKER
Erlag,ERLAG
erlen,ERLEN
Ernst,ERNST
ernst,ERNST
Ernte,ERNTE
Erpel,ERPEL
Ersja,ERSJA
erste,ERSTE
Erste,ERSTE
Ersti,ERSTI
Ertag,ERTAG
erzen,ERZEN
Esche,ESCHE
Espan,ESPAN
espen,ESPEN
Esrom,ESROM
Essai,ESSAI
Essay,ESSAY
essen,ESSEN
Essen,ESSEN
Esser,ESSER
Essig,ESSIG
Essiv,ESSIV
Ester,ESTER
Estin,ESTIN
Etage,ETAGE
Ethan,ETHAN
Ethen,ETHEN
Ether,ETHER
Ethik,ETHIK
Ethin,ETHIN
Ethos,ETHOS
Etmal,ETMAL
Etter,ETTER
etwas,ETWAS
Etwas,ETWAS
etwer,ETWER
Euler,EULER
Eumel,EUMEL
Euter,EUTER
Event,EVENT
Ewene,EWENE
exakt,EXAKT
extra,EXTRA
Extra,EXTRA
Eyrir,EYRIR
Ezafe,EZAFE
Ezzes,EZZES
Fabel,FABEL
Faber,FABER
Faden,FADEN
fahen,FAHEN
Fahne,FAHNE
Fahrt,FAHRT
faken,FAKEN
Fakir,FAKIR
Falbe,FALBE
Falke,FALKE
Falle,FALLE
falls,FALLS
Falte,FALTE
famos,FAMOS
Fanal,FANAL
Fango,FANGO
Fanin,FANIN
Fanon,FANON
Farad,FARAD
Farbe,FARBE
Farce,FARCE
Farde,FARDE
Farre,FARRE
Farsi,FARSI
Fasan,FASAN
Fasel,FASEL
fasen,FASEN
Faser,FASER
fatal,FATAL
Fatum,FATUM
Fatwa,FATWA
Fauna,FAUNA
Faust,FAUST
faxen,FAXEN
Fazit,FAZIT
Feber,FEBER
Feder,FEDER
fegen,FEGEN
Feger,FEGER
Fehde,FEHDE
feien,FEIEN
Feier,FEIER
Feige,FEIGE
feige,FEIGE
Feile,FEILE
Feime,FEIME
Feind,FEIND
feind,FEIND
feist,FEIST
Feist,FEIST
Felge,FELGE
Femel,FEMEL
femen,FEMEN
Femme,FEMME
Femur,FEMUR
Fence,FENCE
Fenne,FENNE
Ferge,FERGE
Ferne,FERNE
Ferse,FERSE
fesch,FESCH
Feste,FESTE
fetal,FETAL
Fetus,FETUS
Fetwa,FETWA
Feuer,FEUER
Fiale,FIALE
Fibel,FIBEL
Fiber,FIBER
Ficke,FICKE
fidel,FIDEL
Fidel,FIDEL
Fiduz,FIDUZ
Fight,FIGHT
Figur,FIGUR
Filet,FILET
Filou,FILOU
final,FINAL
Final,FINAL
Finca,FINCA
finit,FINIT
Finne,FINNE
Finte,FINTE
Firma,FIRMA
Firne,FIRNE
First,FIRST
Fisch,FISCH
Fitis,FITIS
fixen,FIXEN
Fixer,FIXER
Fixum,FIXUM
Fjell,FJELL
Fjord,FJORD
flach,FLACH
Flach,FLACH
Flair,FLAIR
Flame,FLAME
Flaps,FLAPS
Flare,FLARE
Flaum,FLAUM
Flaxe,FLAXE
Fleck,FLECK
Flett,FLETT
Flick,FLICK
flink,FLINK
Flint,FLINT
Flirt,FLIRT
Flora,FLORA
flott,FLOTT
Flott,FLOTT
Fluch,FLUCH
flugs,FLUGS
Fluid,FLUID
Fluke,FLUKE
Fluor,FLUOR
Fluse,FLUSE
Fluss,FLUSS
Flyer,FLYER
fokal,FOKAL
Fokus,FOKUS
Folge,FOLGE
Folia,FOLIA
Folie,FOLIE
folio,FOLIO
Folio,FOLIO
Fonds,FONDS
Forke,FORKE
Forst,FORST
forte,FORTE
Forum,FORUM
Fossa,FOSSA
Foton,FOTON
Fotze,FOTZE
Foyer,FOYER
Frack,FRACK
Frage,FRAGE
Frame,FRAME
Franc,FRANC
frank,FRANK
Fratz,FRATZ
Freak,FREAK
frech,FRECH
Freie,FREIE
fremd,FREMD
Fries,FRIES
Frise,FRISE
Frist,FRIST
fromm,FROMM
Front,FRONT
Frost,FROST
Frust,FRUST
Fuchs,FUCHS
Fuder,FUDER
Fuffi,FUFFI
fugen,FUGEN
Fuhre,FUHRE
Fundi,FUNDI
Funke,FUNKE
Furan,FURAN
Furie,FURIE
Furor,FUROR
Furry,FURRY
Fusel,FUSEL
Futon,FUTON
Futur,FUTUR
Fuzel,FUZEL
Fuzzi,FUZZI
Fylke,FYLKE
Gabel,GABEL
Gaden,GADEN
Galan,GALAN
Galle,GALLE
Gamay,GAMAY
Gambe,GAMBE
gamen,GAMEN
Gamet,GAMET
Gamma,GAMMA
Ganja,GANJA
Garbe,GARBE
Garde,GARDE
garen,GAREN
Gasel,GASEL
gasen,GASEN
Gasen,GASEN
gasig,GASIG
Gasse,GASSE
Gassi,GASSI
Gatte,GATTE
Gaube,GAUBE
Gauch,GAUCH
Gaudi,GAUDI
Gayal,GAYAL
geben,GEBEN
Geber,GEBER
Gebet,GEBET
Gebot,GEBOT
Gecko,GECKO
geder,GEDER
Geest,GEEST
gegen,GEGEN
gehen,GEHEN
Gehen,GEHEN
Geher,GEHER
gehts,GEHTS
geien,GEIEN
Geier,GEIER
Geige,GEIGE
Geist,GEIST
Gelee,GELEE
gelen,GELEN
gelle,GELLE
Gelse,GELSE
Gemme,GEMME
gemut,GEMUT
genau,GENAU
Genie,GENIE
Genom,GENOM
Genre,GENRE
Genro,GENRO
genug,GENUG
Genus,GENUS
Geode,GEODE
geren,GEREN
gerne,GERNE
Gerte,GERTE
Geste,GESTE
Getto,GETTO
Getue,GETUE
Geuse,GEUSE
Ghule,GHULE
Giaur,GIAUR
Gicht,GICHT
Gigue,GIGUE
Gilde,GILDE
Gilet,GILET
Ginst,GINST
Glace,GLACE
Glans,GLANS
Glanz,GLANZ
Glast,GLAST
glatt,GLATT
glauk,GLAUK
Gleis,GLEIS
Glied,GLIED
Glima,GLIMA
Gliom,GLIOM
Glosa,GLOSA
Glufe,GLUFE
Gluon,GLUON
Gnade,GNADE
Gneis,GNEIS
Gnome,GNOME
Gojte,GOJTE
Golem,GOLEM
Golle,GOLLE
Goody,GOODY
Gosse,GOSSE
Gotik,GOTIK
Gotte,GOTTE
Gramm,GRAMM
Grand,GRAND
Grant,GRANT
Graph,GRAPH
Graus,GRAUS
grave,GRAVE
Grave,GRAVE
Grede,GREDE
Green,GREEN
Greif,GREIF
Greis,GREIS
greis,GREIS
grell,GRELL
Griel,GRIEL
gries,GRIES
Griff,GRIFF
Griko,GRIKO
Grill,GRILL
Grimm,GRIMM
Grind,GRIND
Griot,GRIOT
Grips,GRIPS
Griss,GRISS
Groat,GROAT
GroKo,GROKO
Groll,GROLL
Groom,GROOM
Grosz,GROSZ
Growl,GROWL
Grube,GRUBE
Gruft,GRUFT
Grund,GRUND
Grupp,GRUPP
Guano,GUANO
Guave,GUAVE
Gucke,GUCKE
Gudok,GUDOK
Gufel,GUFEL
Guffa,GUFFA
Guide,GUIDE
Gulag,GULAG
Gully,GULLY
Gumma,GUMMA
Gummi,GUMMI
Gumpe,GUMPE
Gunst,GUNST
Guppy,GUPPY
Gurde,GURDE
Gurke,GURKE
Gusla,GUSLA
Gusle,GUSLE
Gusli,GUSLI
Gusto,GUSTO
Guter,GUTER
Gutes,GUTES
Guyot,GUYOT
Gyros,GYROS
Gyrus,GYRUS
Haben,HABEN
haben,HABEN
Haber,HABER
habil,HABIL
Habit,HABIT
Habub,HABUB
Hacke,HACKE
hacke,HACKE
Hadal,HADAL
Hader,HADER
Hades,HADES
Hafen,HAFEN
Hafer,HAFER
Hagel,HAGEL
hagen,HAGEN
hager,HAGER
Haiku,HAIKU
Haken,HAKEN
haken,HAKEN
Hakka,HAKKA
halal,HALAL
Halbe,HALBE
Halde,HALDE
Halfa,HALFA
halin,HALIN
Halle,HALLE
Hallo,HALLO
Halma,HALMA
Halse,HALSE
Hamac,HAMAC
Hamam,HAMAM
Hamas,HAMAS
Hamen,HAMEN
Hamit,HAMIT
Hands,HANDS
Handy,HANDY
Hanja,HANJA
Hanzi,HANZI
Haori,HAORI
happy,HAPPY
Haram,HARAM
Harde,HARDE
Harem,HAREM
Harfe,HARFE
Harke,HARKE
Harst,HARST
Hasch,HASCH
Hasel,HASEL
Haspe,HASPE
Hater,HATER
Haube,HAUBE
Hauch,HAUCH
hauen,HAUEN
Hauer,HAUER
Haufe,HAUFE
Haupt,HAUPT
Hausa,HAUSA
Haxen,HAXEN
Hebel,HEBEL
heben,HEBEN
Heber,HEBER
Hecht,HECHT
Hecke,HECKE
hefig,HEFIG
hegen,HEGEN
Heger,HEGER
Heide,HEIDE
heidi,HEIDI
heier,HEIER
heint,HEINT
Heinz,HEINZ
heisa,HEISA
helau,HELAU
Helix,HELIX
helle,HELLE
Helle,HELLE
Helot,HELOT
Heman,HEMAN
Hendl,HENDL
Henna,HENNA
Henne,HENNE
Henry,HENRY
herab,HERAB
heran,HERAN
Herde,HERDE
Heroe,HEROE
Heros,HEROS
Herrl,HERRL
Herse,HERSE
Hertz,HERTZ
herum,HERUM
herzu,HERZU
Hesse,HESSE
Hetze,HETZE
heuen,HEUEN
heuer,HEUER
Heuer,HEUER
Heuke,HEUKE
Heute,HEUTE
heute,HEUTE
Hevea,HEVEA
Hexan,HEXAN
Hexen,HEXEN
hexen,HEXEN
Hexer,HEXER
Hexin,HEXIN
hicks,HICKS
Hiebl,HIEBL
Hiefe,HIEFE
hiezu,HIEZU
Hifel,HIFEL
Hilfe,HILFE
hinab,HINAB
hinan,HINAN
Hinde,HINDE
Hindi,HINDI
Hindu,HINDU
hinum,HINUM
hinzu,HINZU
Hippe,HIPPE
Hippo,HIPPO
Hirni,HIRNI
Hirse,HIRSE
Hirte,HIRTE
Hitze,HITZE
Hleza,HLEZA
Hmong,HMONG
Hobby,HOBBY
Hobel,HOBEL
hoben,HOBEN
Hocke,HOCKE
Hoden,HODEN
holen,HOLEN
holla,HOLLA
Homie,HOMIE
honen,HONEN
Honig,HONIG
Hoody,HOODY
Hopse,HOPSE
Horde,HORDE
Horen,HOREN
Horst,HORST
hosen,HOSEN
Hotel,HOTEL
House,HOUSE
Huber,HUBER
Hucke,HUCKE
Hudel,HUDEL
hufen,HUFEN
hujus,HUJUS
human,HUMAN
humid,HUMID
humil,HUMIL
Humor,HUMOR
humos,HUMOS
Humus,HUMUS
Hunne,HUNNE
Hunni,HUNNI
Hupen,HUPEN
hupen,HUPEN
huren,HUREN
Hurer,HURER
hurra,HURRA
Hurra,HURRA
Husar,HUSAR
hussa,HUSSA
Husse,HUSSE
Huthi,HUTHI
Hutze,HUTZE
Hyade,HYADE
Hydra,HYDRA
Hymen,HYMEN
Hymne,HYMNE
hypen,HYPEN
iahen,IAHEN
ideal,IDEAL
Ideal,IDEAL
ident,IDENT
Idiom,IDIOM
Idiot,IDIOT
Idist,IDIST
Iduna,IDUNA
Idyll,IDYLL
Ifrit,IFRIT
Iftar,IFTAR
igeln,IGELN
igitt,IGITT
ihnen,IHNEN
ihrer,IHRER
Ijjar,IJJAR
Ikone,IKONE
Iktus,IKTUS
Ileus,ILEUS
Illit,ILLIT
Iltis,ILTIS
Image,IMAGE
Imago,IMAGO
Imker,IMKER
immer,IMMER
immun,IMMUN
Incel,INCEL
indem,INDEM
Inder,INDER
indes,INDES
Index,INDEX
Indio,INDIO
Indiz,INDIZ
Indri,INDRI
inert,INERT
infam,INFAM
Infix,INFIX
Inful,INFUL
innen,INNEN
inner,INNER
innig,INNIG
Insel,INSEL
Inste,INSTE
inter,INTER
intim,INTIM
Intro,INTRO
intus,INTUS
Ippon,IPPON
Irade,IRADE
Iraki,IRAKI
irden,IRDEN
Irgun,IRGUN
irren,IRREN
Irrer,IRRER
irrig,IRRIG
Ische,ISCHE
Islam,ISLAM
Ismus,ISMUS
isses,ISSES
Itaka,ITAKA
ITler,ITLER
Ivrit,IVRIT
Iwrit,IWRIT
Jabot,JABOT
Jacht,JACHT
Jacke,JACKE
jaden,JADEN
jagen,JAGEN
Jahve,JAHVE
Jahwe,JAHWE
Jaina,JAINA
Jambe,JAMBE
Japse,JAPSE
Jause,JAUSE
Jaust,JAUST
Jeans,JEANS
Jecke,JECKE
jeder,JEDER
jedes,JEDES
jeher,JEHER
jener,JENER
Jerez,JEREZ
Jeton,JETON
jetzt,JETZT
Jetzt,JETZT
jeuen,JEUEN
Jhang,JHANG
Jihad,JIHAD
Jinyu,JINYU
Jodat,JODAT
Jogin,JOGIN
Joint,JOINT
Joker,JOKER
Jokus,JOKUS
Jolle,JOLLE
Jonny,JONNY
Joppe,JOPPE
Joule,JOULE
Jubel,JUBEL
Julei,JULEI
Junge,JUNGE
Jupon,JUPON
Jurke,JURKE
Juror,JUROR
Jurte,JURTE
Juwel,JUWEL
juxen,JUXEN
Juxta,JUXTA
Kabel,KABEL
Kabis,KABIS
Kabod,KABOD
Kacke,KACKE
Kader,KADER
kaduk,KADUK
Kaffe,KAFFE
Kafir,KAFIR
Kahal,KAHAL
Kahba,KAHBA
Kajak,KAJAK
Kajal,KAJAL
Kakao,KAKAO
Kakar,KAKAR
Kalbe,KALBE
Kaleu,KALEU
Kalif,KALIF
Kalpa,KALPA
Kamee,KAMEE
Kamel,KAMEL
Kamin,KAMIN
Kampf,KAMPF
Kanal,KANAL
Kanin,KANIN
Kanji,KANJI
Kanne,KANNE
Kanon,KANON
Kansa,KANSA
Kante,KANTE
Kanun,KANUN
Kaper,KAPER
Kappa,KAPPA
Kappe,KAPPE
Kaput,KAPUT
Karat,KARAT
Karde,KARDE
Karma,KARMA
Karok,KAROK
Karre,KARRE
Karst,KARST
Karte,KARTE
Kasel,KASEL
Kasko,KASKO
Kassa,KASSA
Kasse,KASSE
Kaste,KASTE
Kasus,KASUS
Kater,KATER
Katta,KATTA
Katze,KATZE
kauen,KAUEN
Kauri,KAURI
Kaute,KAUTE
Kazoo,KAZOO
Kebab,KEBAB
Kebap,KEBAP
Kebse,KEBSE
Keder,KEDER
Kefir,KEFIR
Kegel,KEGEL
Kehle,KEHLE
Kehre,KEHRE
Keile,KEILE
Kelch,KELCH
Kelim,KELIM
Kelle,KELLE
Kelte,KELTE
Kempo,KEMPO
Kendo,KENDO
Kenem,KENEM
Kerbe,KERBE
Kerle,KERLE
Kerub,KERUB
Kerve,KERVE
Kerwe,KERWE
Kerze,KERZE
Ketin,KETIN
Keton,KETON
Kette,KETTE
Keule,KEULE
Khaki,KHAKI
Khmer,KHMER
Kiddy,KIDDY
Kieme,KIEME
Kiepe,KIEPE
Kietz,KIETZ
Kilbe,KILBE
Kilbi,KILBI
Kimme,KIMME
Kiosk,KIOSK
Kipfl,KIPFL
Kippa,KIPPA
Kippe,KIPPE
Kirne,KIRNE
kirre,KIRRE
Kiste,KISTE
kiten,KITEN
klack,KLACK
Klage,KLAGE
klamm,KLAMM
Klamm,KLAMM
Klang,KLANG
Klaps,KLAPS
klass,KLASS
Klaue,KLAUE
Klaus,KLAUS
Klebe,KLEBE
Kleid,KLEID
Kleie,KLEIE
klein,KLEIN
Klein,KLEIN
Klick,KLICK
Kliff,KLIFF
Klima,KLIMA
Kline,KLINE
klipp,KLIPP
Klops,KLOPS
Klotz,KLOTZ
Kluft,KLUFT
Klump,KLUMP
Knabe,KNABE
knack,KNACK
Knack,KNACK
Knall,KNALL
knapp,KNAPP
Knast,KNAST
Knauf,KNAUF
Knete,KNETE
Knick,KNICK
knien,KNIEN
Kniff,KNIFF
knitz,KNITZ
Knopf,KNOPF
Knuff,KNUFF
Knust,KNUST
Knute,KNUTE
Knutt,KNUTT
Koala,KOALA
Kobel,KOBEL
Koben,KOBEN
Kober,KOBER
Kobot,KOBOT
Kobra,KOBRA
Kodex,KODEX
Kogge,KOGGE
Kohle,KOHLE
Kohte,KOHTE
Koine,KOINE
koken,KOKEN
Kokke,KOKKE
Kokon,KOKON
Kokos,KOKOS
Kokse,KOKSE
Kolik,KOLIK
Kollo,KOLLO
Kolon,KOLON
Kombi,KOMBI
Komet,KOMET
Komik,KOMIK
Komma,KOMMA
Konak,KONAK
Kondo,KONDO
Konto,KONTO
Konus,KONUS
Kopie,KOPIE
Koppa,KOPPA
Kopra,KOPRA
koram,KORAM
Koran,KORAN
Korma,KORMA
Korps,KORPS
Korse,KORSE
Korso,KORSO
Kosak,KOSAK
kosen,KOSEN
Kotau,KOTAU
koten,KOTEN
kotig,KOTIG
Kotze,KOTZE
Krach,KRACH
krach,KRACH
Kraft,KRAFT
kraft,KRAFT
Krait,KRAIT
Krake,KRAKE
krank,KRANK
Kranz,KRANZ
Krapp,KRAPP
krass,KRASS
kraus,KRAUS
Kraut,KRAUT
Kraxe,KRAXE
Krebs,KREBS
Kredo,KREDO
Kreis,KREIS
Kreml,KREML
Krepp,KREPP
Kreuz,KREUZ
Krida,KRIDA
Krieg,KRIEG
Kriek,KRIEK
Krill,KRILL
Krimi,KRIMI
Kripo,KRIPO
Krise,KRISE
Krone,KRONE
Kropf,KROPF
kross,KROSS
krude,KRUDE
Kruke,KRUKE
Krume,KRUME
krumm,KRUMM
Krupp,KRUPP
Kubik,KUBIK
Kubus,KUBUS
Kuder,KUDER
Kudos,KUDOS
Kudzu,KUDZU
Kugel,KUGEL
Kuhle,KUHLE
Kujon,KUJON
Kulfi,KULFI
kumme,KUMME
Kumme,KUMME
Kumpf,KUMPF
Kunde,KUNDE
Kunft,KUNFT
Kunst,KUNST
Kupon,KUPON
Kuppe,KUPPE
Kurat,KURAT
Kurde,KURDE
kuren,KUREN
Kurie,KURIE
Kurin,KURIN
Kurta,KURTA
Kurve,KURVE
Kutte,KUTTE
Kwass,KWASS
Kyudo,KYUDO
KZler,KZLER
Laban,LABAN
Label,LABEL
laben,LABEN
labil,LABIL
Labor,LABOR
Lache,LACHE
Lachs,LACHS
lachs,LACHS
Lacke,LACKE
Lackl,LACKL
laden,LADEN
Laden,LADEN
Lader,LADER
Laffe,LAFFE
Lager,LAGER
lagig,LAGIG
Lahar,LAHAR
Lahme,LAHME
Laich,LAICH
Laiin,LAIIN
Lakai,LAKAI
Laken,LAKEN
Lakin,LAKIN
Lampe,LAMPE
lange,LANGE
Lanze,LANZE
Laote,LAOTE
Lappe,LAPPE
Larve,LARVE
lasch,LASCH
Laser,LASER
Lasin,LASIN
Lassi,LASSI
Lasso,LASSO
Lasur,LASUR
LaTeX,LATEX
Latex,LATEX
Lathi,LATHI
Latte,LATTE
Laube,LAUBE
Lauch,LAUCH
Lauer,LAUER
Lauge,LAUGE
Laune,LAUNE
Laute,LAUTE
Leben,LEBEN
leben,LEBEN
Leber,LEBER
Lecke,LECKE
Lecso,LECSO
Leder,LEDER
ledig,LEDIG
Leere,LEERE
Leeze,LEEZE
Lefze,LEFZE
legal,LEGAL
Legat,LEGAT
legen,LEGEN
leger,LEGER
Lehen,LEHEN
Lehne,LEHNE
Lehre,LEHRE
Leich,LEICH
Leier,LEIER
Leihe,LEIHE
Leine,LEINE
leise,LEISE
Leite,LEITE
Lemma,LEMMA
Lemur,LEMUR
Lende,LENDE
Lepas,LEPAS
Lepra,LEPRA
Lesbe,LESBE
lesen,LESEN
Lesen,LESEN
Leser,LESER
Leste,LESTE
letal,LETAL
Lette,LETTE
Leute,LEUTE
Level,LEVEL
Lexem,LEXEM
Lexik,LEXIK
Liane,LIANE
Licht,LICHT
licht,LICHT
Liebe,LIEBE
Liege,LIEGE
Liger,LIGER
light,LIGHT
liken,LIKEN
Lilie,LILIE
Liman,LIMAN
Limes,LIMES
Limit,LIMIT
Linde,LINDE
Linge,LINGE
Linie,LINIE
Linke,LINKE
links,LINKS
Linse,LINSE
Linux,LINUX
Lipid,LIPID
Lipom,LIPOM
Lippe,LIPPE
Lipsi,LIPSI
Liste,LISTE
Liter,LITER
Litho,LITHO
Litze,LITZE
livid,LIVID
Livin,LIVIN
Llano,LLANO
Lloyd,LLOYD
Lobby,LOBBY
loben,LOBEN
Lobus,LOBUS
Locke,LOCKE
Locro,LOCRO
Loden,LODEN
loden,LODEN
Lodge,LODGE
Logge,LOGGE
Logik,LOGIK
Logis,LOGIS
lohen,LOHEN
Loipe,LOIPE
lokal,LOKAL
Lokal,LOKAL
Lokus,LOKUS
Lolch,LOLCH
Lolli,LOLLI
Lorke,LORKE
losen,LOSEN
Loser,LOSER
loten,LOTEN
Lotos,LOTOS
Lotse,LOTSE
Lotto,LOTTO
Lover,LOVER
loyal,LOYAL
Luchs,LUCHS
Luder,LUDER
lugen,LUGEN
Lumen,LUMEN
Lumme,LUMME
lunar,LUNAR
Lunch,LUNCH
Lunge,LUNGE
Lungi,LUNGI
Lunte,LUNTE
Lunze,LUNZE
Lupus,LUPUS
Lurch,LURCH
lusen,LUSEN
Luser,LUSER
Lutte,LUTTE
Luxus,LUXUS
luzid,LUZID
Lyder,LYDER
Lyrik,LYRIK
Lysin,LYSIN
Lyssa,LYSSA
Mache,MACHE
Macho,MACHO
Macht,MACHT
Macis,MACIS
Macke,MACKE
madig,MADIG
Mafia,MAFIA
Magen,MAGEN
mager,MAGER
Magie,MAGIE
Magma,MAGMA
Magot,MAGOT
Magus,MAGUS
Mahdi,MAHDI
Mahut,MAHUT
Maise,MAISE
Maium,MAIUM
Major,MAJOR
Makak,MAKAK
Makel,MAKEL
Makro,MAKRO
malad,MALAD
malen,MALEN
Maler,MALER
Malum,MALUM
Malus,MALUS
Malve,MALVE
Mamma,MAMMA
manch,MANCH
Mandl,MANDL
Manen,MANEN
Manga,MANGA
Mange,MANGE
Mango,MANGO
Manie,MANIE
Manko,MANKO
Manna,MANNA
Manse,MANSE
Manta,MANTA
Maori,MAORI
Mappe,MAPPE
Marge,MARGE
Marie,MARIE
marin,MARIN
Marke,MARKE
Markt,MARKT
marod,MAROD
Maror,MAROR
Masel,MASEL
Masen,MASEN
Maser,MASER
Maske,MASKE
Masse,MASSE
Match,MATCH
Mathe,MATHE
Matta,MATTA
Matte,MATTE
Matur,MATUR
Matze,MATZE
Mauer,MAUER
Mauke,MAUKE
Maure,MAURE
mause,MAUSE
mauve,MAUVE
Mazis,MAZIS
Mazze,MAZZE
Media,MEDIA
Meier,MEIER
Meile,MEILE
Meise,MEISE
meist,MEIST
Melde,MELDE
Memme,MEMME
Menge,MENGE
menno,MENNO
Mensa,MENSA
Meson,MESON
Messe,MESSE
Messi,MESSI
Metal,METAL
Meter,METER
Metro,METRO
Mette,METTE
Metze,METZE
Meute,MEUTE
Mezie,MEZIE
Midde,MIDDE
Miene,MIENE
Miere,MIERE
Miese,MIESE
Miete,MIETE
Mieze,MIEZE
Migda,MIGDA
Mikro,MIKRO
Mikwe,MIKWE
Milan,MILAN
Milbe,MILBE
Milch,MILCH
Milde,MILDE
milde,MILDE
Miliz,MILIZ
Milje,MILJE
mimen,MIMEN
Mimik,MIMIK
Mimin,MIMIN
minen,MINEN
minim,MINIM
Minna,MINNA
Minne,MINNE
Minus,MINUS
minus,MINUS
Minze,MINZE
Missa,MISSA
Mitra,MITRA
Mitte,MITTE
Mixed,MIXED
mixen,MIXEN
Mixer,MIXER
Mneme,MNEME
mobil,MOBIL
Mobil,MOBIL
Mocca,MOCCA
modal,MODAL
Model,MODEL
Modem,MODEM
Moder,MODER
Modul,MODUL
Modus,MODUS
Mogul,MOGUL
Mohel,MOHEL
Mokka,MOKKA
Molar,MOLAR
molar,MOLAR
Molch,MOLCH
Molke,MOLKE
Molle,MOLLE
Molli,MOLLI
Molly,MOLLY
Momme,MOMME
Monat,MONAT
Monem,MONEM
Mongo,MONGO
Monom,MONOM
Moped,MOPED
Moral,MORAL
moros,MOROS
Morph,MORPH
Motel,MOTEL
Motiv,MOTIV
Motor,MOTOR
Motte,MOTTE
Motto,MOTTO
Mouse,MOUSE
Movie,MOVIE
moxen,MOXEN
Mucke,MUCKE
Mucks,MUCKS
Muffe,MUFFE
Mufti,MUFTI
Mugel,MUGEL
Mugge,MUGGE
muhen,MUHEN
Muhen,MUHEN
Muhme,MUHME
muhts,MUHTS
Mulch,MULCH
Mulde,MULDE
Mulla,MULLA
Mumie,MUMIE
Mumme,MUMME
Mumps,MUMPS
Mungo,MUNGO
muren,MUREN
Murks,MURKS
musen,MUSEN
Musik,MUSIK
muten,MUTEN
Mutex,MUTEX
mutig,MUTIG
Muton,MUTON
Mutti,MUTTI
Muzak,MUZAK
Muzin,MUZIN
Myope,MYOPE
Myron,MYRON
Myrte,MYRTE
Myste,MYSTE
Mythe,MYTHE
Myxom,MYXOM
Myzel,MYZEL
Myzet,MYZET
Nabel,NABEL
Nabla,NABLA
Nabob,NABOB
Nacho,NACHO
Nacht,NACHT
nackt,NACKT
Nadel,NADEL
Nadir,NADIR
Nafri,NAFRI
Nagel,NAGEL
nagen,NAGEN
Nager,NAGER
nahen,NAHEN
Nahie,NAHIE
Nahur,NAHUR
Naira,NAIRA
Naive,NAIVE
Nakba,NAKBA
Namas,NAMAS
Namaz,NAMAZ
Namen,NAMEN
Nandu,NANDU
Nanny,NANNY
Nappa,NAPPA
Nappo,NAPPO
Narbe,NARBE
Narco,NARCO
Narde,NARDE
Naris,NARIS
Nasal,NASAL
nasal,NASAL
Nashi,NASHI
natal,NATAL
Natel,NATEL
nativ,NATIV
Natur,NATUR
Naugh,NAUGH
Nebel,NEBEL
neben,NEBEN
nebst,NEBST
Neffe,NEFFE
Neger,NEGER
neger,NEGER
Negus,NEGUS
Neige,NEIGE
Nelke,NELKE
Nenze,NENZE
netto,NETTO
Neues,NEUES
Neume,NEUME
neune,NEUNE
neunt,NEUNT
Nexus,NEXUS
Ngoni,NGONI
Nguni,NGUNI
nicht,NICHT
Nidel,NIDEL
Nidle,NIDLE
Niere,NIERE
Niete,NIETE
Nille,NILLE
Ninja,NINJA
Niqab,NIQAB
Nisan,NISAN
Nisse,NISSE
nival,NIVAL
nobel,NOBEL
Nocke,NOCKE
noctu,NOCTU
Nodus,NODUS
Nomen,NOMEN
Nonan,NONAN
Nonen,NONEN
Nonne,NONNE
Noppe,NOPPE
Norne,NORNE
Notar,NOTAR
Notat,NOTAT
Notiz,NOTIZ
Novum,NOVUM
Nubuk,NUBUK
Nudel,NUDEL
Nugat,NUGAT
Nulpe,NULPE
Numen,NUMEN
Nurse,NURSE
nuten,NUTEN
Nutte,NUTTE
Nyala,NYALA
Nylon,NYLON
Obers,OBERS
Obhut,OBHUT
Oboer,OBOER
obsen,OBSEN
Ochse,OCHSE
Ocker,OCKER
ocker,OCKER
Octan,OCTAN
odeln,ODELN
odios,ODIOS
Odium,ODIUM
offen,OFFEN
Oheim,OHEIM
Oikos,OIKOS
Okapi,OKAPI
Okara,OKARA
oktal,OKTAL
Oktav,OKTAV
Okuli,OKULI
Oldie,OLDIE
Oleum,OLEUM
Olive,OLIVE
Omaha,OMAHA
Omama,OMAMA
Omani,OMANI
Omega,OMEGA
Onkel,ONKEL
Oozyt,OOZYT
Opapa,OPAPA
Opfer,OPFER
Opiat,OPIAT
Opium,OPIUM
Opsin,OPSIN
Optik,OPTIK
Orbit,ORBIT
Ordal,ORDAL
Orden,ORDEN
Order,ORDER
Ordre,ORDRE
oreal,OREAL
Organ,ORGAN
Orgel,ORGEL
Orgie,ORGIE
Orija,ORIJA
Oriya,ORIYA
Orkan,ORKAN
Orlog,ORLOG
Ornat,ORNAT
Oromo,OROMO
orten,ORTEN
Oscar,OSCAR
Oschi,OSCHI
ossia,OSSIA
Osten,OSTEN
osten,OSTEN
Otaku,OTAKU
Otter,OTTER
Ouija,OUIJA
Oukie,OUKIE
outen,OUTEN
Outen,OUTEN
ovoid,OVOID
ownen,OWNEN
Owrag,OWRAG
Ozean,OZEAN
Pacht,PACHT
Padel,PADEL
pagan,PAGAN
Pagat,PAGAT
Pager,PAGER
Pagin,PAGIN
Pairs,PAIRS
Paket,PAKET
Pakul,PAKUL
Palas,PALAS
palen,PALEN
Palme,PALME
Pampa,PAMPA
Pampe,PAMPE
Panda,PANDA
Panel,PANEL
Panik,PANIK
Panne,PANNE
Paolo,PAOLO
papal,PAPAL
Papas,PAPAS
Paper,PAPER
Pappe,PAPPE
Papst,PAPST
Papua,PAPUA
parat,PARAT
Pareo,PAREO
Paria,PARIA
Parka,PARKA
Parse,PARSE
Parte,PARTE
Party,PARTY
Parze,PARZE
Pasch,PASCH
Passa,PASSA
Pasta,PASTA
Paste,PASTE
Patch,PATCH
Pater,PATER
Patin,PATIN
Patio,PATIO
Patka,PATKA
Patte,PATTE
Pauke,PAUKE
Pause,PAUSE
Pavor,PAVOR
Pedal,PEDAL
Pegel,PEGEL
pekig,PEKIG
Pelle,PELLE
Pelte,PELTE
penil,PENIL
Penis,PENIS
Penne,PENNE
Penny,PENNY
perdu,PERDU
Perle,PERLE
Perso,PERSO
Pesel,PESEL
pesen,PESEN
Pesto,PESTO
Petze,PETZE
Pfaar,PFAAR
Pfahl,PFAHL
Pfalz,PFALZ
Pfand,PFAND
Pfeil,PFEIL
Pferd,PFERD
Pfiff,PFIFF
Pflug,PFLUG
Pfote,PFOTE
Pfuhl,PFUHL
Pfund,PFUND
Phage,PHAGE
Phase,PHASE
piano,PIANO
Piano,PIANO
Picke,PICKE
Piece,PIECE
Pieks,PIEKS
Pieta,PIETA
Pijin,PIJIN
piken,PIKEN
Pikte,PIKTE
Pilaw,PILAW
Pille,PILLE
Pilot,PILOT
pimpe,PIMPE
Pimpf,PIMPF
Pinax,PINAX
Pinge,PINGE
Pinie,PINIE
Pinke,PINKE
Pinne,PINNE
Pinte,PINTE
Pinze,PINZE
Pipox,PIPOX
Pirat,PIRAT
Pirol,PIROL
Pisse,PISSE
Piste,PISTE
Pivot,PIVOT
Pixel,PIXEL
Pizza,PIZZA
Plage,PLAGE
Plaid,PLAID
Plane,PLANE
Plast,PLAST
platt,PLATT
Platt,PLATT
Platz,PLATZ
Playa,PLAYA
Playe,PLAYE
Plaza,PLAZA
Plebs,PLEBS
Plenk,PLENK
plump,PLUMP
Pocke,POCKE
Podex,PODEX
pofen,POFEN
pogen,POGEN
Pogge,POGGE
Pokal,POKAL
Poker,POKER
polar,POLAR
polen,POLEN
Polin,POLIN
Polio,POLIO
Polis,POLIS
Polka,POLKA
Polle,POLLE
Polyp,POLYP
Ponte,PONTE
Popel,POPEL
Porno,PORNO
porno,PORNO
Porst,PORST
Porto,PORTO
posen,POSEN
Posse,POSSE
power,POWER
Power,POWER
Prahm,PRAHM
Praia,PRAIA
prall,PRALL
Prall,PRALL
Prank,PRANK
Preis,PREIS
Priel,PRIEL
Priem,PRIEM
prima,PRIMA
Prima,PRIMA
Print,PRINT
Prinz,PRINZ
Prion,PRION
Prior,PRIOR
Prise,PRISE
Probe,PROBE
Profi,PROFI
Proll,PROLL
Prolo,PROLO
Promi,PROMI
Promo,PROMO
Prosa,PROSA
prost,PROST
Prost,PROST
Protz,PROTZ
Provo,PROVO
Proxy,PROXY
Prunk,PRUNK
Psalm,PSALM
pscht,PSCHT
Pubis,PUBIS
Pudel,PUDEL
Puder,PUDER
Puffe,PUFFE
Pugio,PUGIO
pulen,PULEN
Pulex,PULEX
Pulle,PULLE
Pulli,PULLI
Pulpa,PULPA
Pumpe,PUMPE
Pumpf,PUMPF
Pumps,PUMPS
Punch,PUNCH
Punkt,PUNKT
Punze,PUNZE
pupen,PUPEN
Puppe,PUPPE
Purim,PURIM
Pussy,PUSSY
Puste,PUSTE
Puter,PUTER
Putte,PUTTE
Putto,PUTTO
Putze,PUTZE
Pylon,PYLON
Pyrit,PYRIT
Pyxis,PYXIS
Qanat,QANAT
Qoppa,QOPPA
Quade,QUADE
Quale,QUALE
Qualm,QUALM
Quant,QUANT
Quark,QUARK
Quarz,QUARZ
quasi,QUASI
Quast,QUAST
Qubit,QUBIT
Queen,QUEEN
queer,QUEER
Quell,QUELL
Quena,QUENA
Quent,QUENT
Quere,QUERE
Quese,QUESE
Quest,QUEST
Queue,QUEUE
quick,QUICK
Quirl,QUIRL
quitt,QUITT
Quote,QUOTE
Rabat,RABAT
Rabbi,RABBI
Rache,RACHE
Racke,RACKE
Radar,RADAR
Radau,RADAU
Radio,RADIO
Radja,RADJA
Radom,RADOM
Radon,RADON
ragen,RAGEN
Raita,RAITA
Rajah,RAJAH
Rakel,RAKEL
Ralle,RALLE
Rally,RALLY
Rambo,RAMBO
Ramen,RAMEN
Ramme,RAMME
Rampe,RAMPE
Ranch,RANCH
Rande,RANDE
Range,RANGE
Ranke,RANKE
Raphe,RAPHE
rapid,RAPID
Rappe,RAPPE
rasch,RASCH
Rasen,RASEN
rasen,RASEN
Raser,RASER
Rasse,RASSE
Raste,RASTE
Rasur,RASUR
raten,RATEN
Ratio,RATIO
Ratte,RATTE
Ratze,RATZE
Rauch,RAUCH
rauch,RAUCH
rauen,RAUEN
Raufe,RAUFE
Rauke,RAUKE
Raupe,RAUPE
Raute,RAUTE
raven,RAVEN
Rayon,RAYON
Realo,REALO
Rebbe,REBBE
Rebus,REBUS
Recht,RECHT
recht,RECHT
Recke,RECKE
reden,REDEN
Reden,REDEN
Reede,REEDE
reell,REELL
Reeng,REENG
Regal,REGAL
Regel,REGEL
Regen,REGEN
regen,REGEN
Regie,REGIE
Regur,REGUR
Reibe,REIBE
Reich,REICH
reich,REICH
Reife,REIFE
Reihe,REIHE
Reihn,REIHN
Reiki,REIKI
Reine,REINE
Reise,REISE
Reiwa,REIWA
Remis,REMIS
remis,REMIS
renal,RENAL
Renke,RENKE
Rente,RENTE
resch,RESCH
reuen,REUEN
reuig,REUIG
Reuse,REUSE
Revue,REVUE
Rhema,RHEMA
Ricin,RICIN
Ricke,RICKE
Riede,RIEDE
Riefe,RIEFE
Riege,RIEGE
Riese,RIESE
Rigel,RIGEL
rigid,RIGID
Rigor,RIGOR
Rille,RILLE
Rinde,RINDE
rings,RINGS
Rinne,RINNE
Rippe,RIPPE
Rispe,RISPE
Ritus,RITUS
Ritze,RITZE
Riyal,RIYAL
Rizin,RIZIN
Robbe,ROBBE
Robot,ROBOT
Rodel,RODEL
roden,RODEN
Roden,RODEN
Rodeo,RODEO
Roder,RODER
Rogen,ROGEN
Rojer,ROJER
Rolle,ROLLE
Rolli,ROLLI
Rollo,ROLLO
Roman,ROMAN
Romni,ROMNI
Ronde,RONDE
Rondo,RONDO
Ronin,RONIN
rosig,ROSIG
Roste,ROSTE
Rotor,ROTOR
Rotte,ROTTE
Rouge,ROUGE
Route,ROUTE
Rover,ROVER
Rowdy,ROWDY
Royal,ROYAL
royal,ROYAL
Rubel,RUBEL
Rubin,RUBIN
Rudel,RUDEL
Ruder,RUDER
rufen,RUFEN
Rugby,RUGBY
ruhen,RUHEN
ruhig,RUHIG
Ruine,RUINE
Rumba,RUMBA
Rumor,RUMOR
Rumpf,RUMPF
Runde,RUNDE
Runge,RUNGE
Rupia,RUPIA
Rupie,RUPIE
rural,RURAL
Rusch,RUSCH
Russe,RUSSE
Saami,SAAMI
Sabor,SABOR
Sabot,SABOT
Sache,SACHE
Sachs,SACHS
sacht,SACHT
Sadhu,SADHU
Safar,SAFAR
sagen,SAGEN
Sagen,SAGEN
Sager,SAGER
Sahel,SAHEL
Sahib,SAHIB
Sahne,SAHNE
Sahti,SAHTI
Saite,SAITE
Sakko,SAKKO
Salat,SALAT
Salbe,SALBE
Saldo,SALDO
Salmi,SALMI
Salon,SALON
Salpe,SALPE
Salto,SALTO
Salut,SALUT
Salve,SALVE
Samba,SAMBA
Samen,SAMEN
samen,SAMEN
Samin,SAMIN
Sampi,SAMPI
sanft,SANFT
Sango,SANGO
Sanka,SANKA
Sankt,SANKT
Sappe,SAPPE
Sarde,SARDE
Sarin,SARIN
Sasak,SASAK
Sasse,SASSE
Satan,SATAN
Satin,SATIN
Satte,SATTE
Satya,SATYA
Satyr,SATYR
Sauce,SAUCE
Saudi,SAUDI
sauen,SAUEN
sauer,SAUER
Sauna,SAUNA
Sause,SAUSE
SAVAK,SAVAK
saven,SAVEN
Schaf,SCHAF
Schah,SCHAH
Schal,SCHAL
schal,SCHAL
Scham,SCHAM
Schan,SCHAN
Schar,SCHAR
Schas,SCHAS
Schau,SCHAU
schau,SCHAU
Schem,SCHEM
scheu,SCHEU
Scheu,SCHEU
Schia,SCHIA
Schma,SCHMA
Schmu,SCHMU
schon,SCHON
Schot,SCHOT
Schub,SCHUB
Schuh,SCHUH
Schur,SCHUR
Schwa,SCHWA
Scifi,SCIFI
Scoop,SCOOP
Scots,SCOTS
Scout,SCOUT
Scrip,SCRIP
Scudo,SCUDO
sechs,SECHS
Sechs,SECHS
Sedum,SEDUM
Seele,SEELE
Segel,SEGEL
Segen,SEGEN
Segge,SEGGE
sehen,SEHEN
Sehen,SEHEN
Seher,SEHER
Sehne,SEHNE
Seide,SEIDE
Seife,SEIFE
Seige,SEIGE
Seite,SEITE
Sekel,SEKEL
Sekte,SEKTE
selbe,SELBE
Selen,SELEN
selig,SELIG
Semem,SEMEM
Semit,SEMIT
Senat,SENAT
Senge,SENGE
senil,SENIL
Senke,SENKE
Sense,SENSE
Sepia,SEPIA
Sepoy,SEPOY
Serbe,SERBE
seren,SEREN
Serer,SERER
Serge,SERGE
Serie,SERIE
Serin,SERIN
Serum,SERUM
Sesam,SESAM
sexen,SEXEN
Sexta,SEXTA
Sexte,SEXTE
Sexus,SEXUS
Shabu,SHABU
Shawl,SHAWL
Shire,SHIRE
Shirt,SHIRT
Shoah,SHOAH
Shona,SHONA
Shunt,SHUNT
Sicht,SICHT
Sicke,SICKE
siebt,SIEBT
siech,SIECH
Siele,SIELE
Sigel,SIGEL
Sigle,SIGLE
Sigma,SIGMA
Silau,SILAU
Silbe,SILBE
Silen,SILEN
Silge,SILGE
Silur,SILUR
Simri,SIMRI
Simse,SIMSE
Sinto,SINTO
Sinus,SINUS
Sioux,SIOUX
Sippe,SIPPE
Sirup,SIRUP
Sisal,SISAL
Sitar,SITAR
Sitte,SITTE
Situs,SITUS
Sivan,SIVAN
Siwan,SIWAN
Skala,SKALA
Skale,SKALE
Skalp,SKALP
Skene,SKENE
Skiff,SKIFF
Skink,SKINK
Skuff,SKUFF
Skull,SKULL
Skunk,SKUNK
Slang,SLANG
Slash,SLASH
Slawe,SLAWE
Slice,SLICE
Slick,SLICK
Sloop,SLOOP
small,SMALL
smart,SMART
Smash,SMASH
Snack,SNACK
Sniff,SNIFF
Snuff,SNUFF
Soave,SOAVE
Socke,SOCKE
Sodom,SODOM
Sofer,SOFER
sogar,SOGAR
sohin,SOHIN
Sohle,SOHLE
solar,SOLAR
solch,SOLCH
Soldo,SOLDO
Solei,SOLEI
solid,SOLID
Somal,SOMAL
somit,SOMIT
Sonde,SONDE
Sonne,SONNE
sonor,SONOR
sonst,SONST
sooft,SOOFT
Sopor,SOPOR
Sorbe,SORBE
Sorge,SORGE
sorry,SORRY
Sorte,SORTE
Soter,SOTER
Sound,SOUND
sowas,SOWAS
sowie,SOWIE
Sozia,SOZIA
Space,SPACE
spack,SPACK
Spalt,SPALT
Spann,SPANN
Spant,SPANT
Spare,SPARE
Spass,SPASS
Spatz,SPATZ
Speck,SPECK
Speed,SPEED
Speer,SPEER
Speil,SPEIL
Speis,SPEIS
Spelt,SPELT
Spelz,SPELZ
Spezi,SPEZI
Spezl,SPEZL
Spiel,SPIEL
Spind,SPIND
Spint,SPINT
Spion,SPION
spitz,SPITZ
Spitz,SPITZ
Split,SPLIT
Spore,SPORE
Sporn,SPORN
Sport,SPORT
Spott,SPOTT
Spray,SPRAY
Spreu,SPREU
Sprit,SPRIT
Spule,SPULE
Spund,SPUND
Spurt,SPURT
Squat,SQUAT
Squaw,SQUAW
Staat,STAAT
Stack,STACK
Stadt,STADT
Stage,STAGE
Stahl,STAHL
Stake,STAKE
Stall,STALL
Stamm,STAMM
Stand,STAND
Stanz,STANZ
stark,STARK
starr,STARR
Start,START
statt,STATT
Staub,STAUB
Stauf,STAUF
Steak,STEAK
stehn,STEHN
steif,STEIF
Steig,STEIG
steil,STEIL
Stein,STEIN
Stele,STELE
Steno,STENO
Stent,STENT
Stenz,STENZ
Stern,STERN
Stert,STERT
Sterz,STERZ
Stetl,STETL
stets,STETS
Stich,STICH
Stick,STICK
stief,STIEF
Stiel,STIEL
Stier,STIER
stier,STIER
Stift,STIFT
still,STILL
Stino,STINO
Stint,STINT
Stirn,STIRN
Stock,STOCK
Stoff,STOFF
Stola,STOLA
stolz,STOLZ
Stolz,STOLZ
Stoma,STOMA
Stopp,STOPP
Store,STORE
Story,STORY
Streb,STREB
Streu,STREU
Stria,STRIA
Strip,STRIP
Stroh,STROH
Strom,STROM
Stube,STUBE
Stuck,STUCK
Studi,STUDI
Stufe,STUFE
Stuhl,STUHL
Stuka,STUKA
stumm,STUMM
Stunt,STUNT
Stupa,STUPA
Stups,STUPS
Sturm,STURM
Sturz,STURZ
Stuss,STUSS
Stute,STUTE
Stutz,STUTZ
Suada,SUADA
Suche,SUCHE
Sucht,SUCHT
Sudor,SUDOR
Sufet,SUFET
Suhle,SUHLE
Suite,SUITE
Sujet,SUJET
Sukka,SUKKA
Sulky,SULKY
Summe,SUMME
Sumpf,SUMPF
super,SUPER
Super,SUPER
Suppe,SUPPE
suren,SUREN
Sushi,SUSHI
sutje,SUTJE
Sutra,SUTRA
Svami,SVAMI
Svear,SVEAR
Swami,SWAMI
Swasi,SWASI
Swati,SWATI
Swing,SWING
Syrah,SYRAH
Syrer,SYRER
Syrte,SYRTE
Sysop,SYSOP
Szene,SZENE
Tabak,TABAK
Tabla,TABLA
Tacho,TACHO
Tacke,TACKE
Tadel,TADEL
Tadig,TADIG
Tafel,TAFEL
tagen,TAGEN
Tahin,TAHIN
Taiga,TAIGA
Talar,TALAR
Taler,TALER
Talib,TALIB
Talje,TALJE
Talmi,TALMI
Talon,TALON
Tamil,TAMIL
Tanga,TANGA
Tango,TANGO
Tanka,TANKA
Tanke,TANKE
Tanne,TANNE
Tanse,TANSE
Tante,TANTE
tapen,TAPEN
Tapet,TAPET
Tapir,TAPIR
Targi,TARGI
Tarif,TARIF
Tarte,TARTE
Tasse,TASSE
Taste,TASTE
Tatar,TATAR
Tatin,TATIN
Tatze,TATZE
Taube,TAUBE
tauen,TAUEN
Taufe,TAUFE
Tauon,TAUON
taupe,TAUPE
Taupe,TAUPE
taxen,TAXEN
Taxie,TAXIE
Taxis,TAXIS
Taxon,TAXON
Tebet,TEBET
Teddy,TEDDY
Teeei,TEEEI
Teich,TEICH
Teifi,TEIFI
teils,TEILS
Teint,TEINT
Telex,TELEX
Telos,TELOS
Tempo,TEMPO
tempo,TEMPO
Tendo,TENDO
Tenne,TENNE
Tenno,TENNO
Tenor,TENOR
Terme,TERME
Terne,TERNE
Terno,TERNO
Terra,TERRA
Tesla,TESLA
Tetum,TETUM
teuer,TEUER
Teufe,TEUFE
Teuro,TEURO
Tewet,TEWET
Thein,THEIN
Theke,THEKE
Thema,THEMA
These,THESE
Theta,THETA
Thing,THING
Thiol,THIOL
Thora,THORA
Thorn,THORN
Thron,THRON
Thuja,THUJA
Tiara,TIARA
Tiefe,TIEFE
Tiger,TIGER
Tight,TIGHT
Tigon,TIGON
Tilde,TILDE
timen,TIMEN
timid,TIMID
Tinte,TINTE
Tiret,TIRET
Tisch,TISCH
Titan,TITAN
Titel,TITEL
Titer,TITER
Titte,TITTE
Toast,TOAST
Tobak,TOBAK
Tobel,TOBEL
toben,TOBEN
Toddy,TODDY
Token,TOKEN
Tokus,TOKUS
Tolle,TOLLE
Tommy,TOMMY
tonal,TONAL
Tondo,TONDO
tonen,TONEN
Toner,TONER
Tonne,TONNE
Tonus,TONUS
Topas,TOPAS
Topos,TOPOS
Toque,TOQUE
Torah,TORAH
Torii,TORII
Torso,TORSO
Torte,TORTE
Torus,TORUS
tosen,TOSEN
Tosen,TOSEN
Toske,TOSKE
total,TOTAL
Total,TOTAL
Totem,TOTEM
Toter,TOTER
Totum,TOTUM
Touch,TOUCH
tough,TOUGH
Touri,TOURI
Tower,TOWER
Trabi,TRABI
Trage,TRAGE
Train,TRAIN
Trakt,TRAKT
Tramp,TRAMP
Trank,TRANK
trans,TRANS
Trapp,TRAPP
Trash,TRASH
Trass,TRASS
Trauf,TRAUF
Traum,TRAUM
traun,TRAUN
traut,TRAUT
Treck,TRECK
Treff,TREFF
treif,TREIF
Trema,TREMA
Trend,TREND
Treue,TREUE
Trial,TRIAL
Trias,TRIAS
Trick,TRICK
Tridi,TRIDI
Trieb,TRIEB
Triel,TRIEL
Trift,TRIFT
Triol,TRIOL
trist,TRIST
Tritt,TRITT
Troll,TROLL
Trope,TROPE
Tropf,TROPF
Tross,TROSS
Trost,TROST
Trott,TROTT
trotz,TROTZ
Trotz,TROTZ
Truck,TRUCK
Truhe,TRUHE
Trumm,TRUMM
Trunk,TRUNK
Trupp,TRUPP
Trust,TRUST
Trutz,TRUTZ
Tsuba,TSUBA
Tubel,TUBEL
Tuber,TUBER
Tubus,TUBUS
Tucke,TUCKE
Tudor,TUDOR
tuend,TUEND
Tukan,TUKAN
Tulpe,TULPE
Tumor,TUMOR
tunen,TUNEN
Tuner,TUNER
Tunke,TUNKE
Tunte,TUNTE
Tupel,TUPEL
Turan,TURAN
Turas,TURAS
Turko,TURKO
Tusch,TUSCH
Tusse,TUSSE
Tussi,TUSSI
Tutel,TUTEL
tuten,TUTEN
Tutor,TUTOR
Tutsi,TUTSI
Tutte,TUTTE
Tweed,TWEED
Tweef,TWEEF
Tweet,TWEET
Twete,TWETE
Twink,TWINK
Twist,TWIST
typen,TYPEN
Typus,TYPUS
Ubier,UBIER
Uboot,UBOOT
Ulama,ULAMA
Ulema,ULEMA
ulken,ULKEN
ulkig,ULKIG
Ulkus,ULKUS
Ulmer,ULMER
Ultra,ULTRA
umami,UMAMI
Umbau,UMBAU
Umbra,UMBRA
umher,UMHER
umhin,UMHIN
Umlad,UMLAD
umtun,UMTUN
Umweg,UMWEG
Umzug,UMZUG
Unart,UNART
unbar,UNBAR
Unfug,UNFUG
Ungar,UNGAR
ungut,UNGUT
Union,UNION
unken,UNKEN
Unmut,UNMUT
Unrat,UNRAT
Unruh,UNRUH
unser,UNSER
Untat,UNTAT
unten,UNTEN
unter,UNTER
Unter,UNTER
untig,UNTIG
Upper,UPPER
Urahn,URAHN
uralt,URALT
urban,URBAN
Urbar,URBAR
urbar,URBAR
Urner,URNER
Uroma,UROMA
Uropa,UROPA
Urson,URSON
Usanz,USANZ
Ustad,USTAD
utral,UTRAL
Utrum,UTRUM
Uvala,UVALA
Uvula,UVULA
Uzama,UZAMA
vacat,VACAT
Vacke,VACKE
vagil,VAGIL
vakat,VAKAT
Vakat,VAKAT
Valet,VALET
valid,VALID
Valin,VALIN
Varia,VARIA
Varix,VARIX
Vater,VATER
vegan,VEGAN
velar,VELAR
Velar,VELAR
Velum,VELUM
Venda,VENDA
Verve,VERVE
Vespa,VESPA
Veste,VESTE
Video,VIDEO
Viech,VIECH
viere,VIERE
viert,VIERT
Vigil,VIGIL
vigil,VIGIL
Vikar,VIKAR
Villa,VILLA
Viola,VIOLA
Viper,VIPER
viral,VIRAL
viril,VIRIL
Virom,VIROM
Virus,VIRUS
Visum,VISUM
vital,VITAL
Viura,VIURA
Vizin,VIZIN
Vlies,VLIES
Vogel,VOGEL
Vogue,VOGUE
Vokal,VOKAL
volar,VOLAR
Volte,VOLTE
Volum,VOLUM
vorab,VORAB
voran,VORAN
vorig,VORIG
vorne,VORNE
voten,VOTEN
Votiv,VOTIV
Votum,VOTUM
Votze,VOTZE
Voute,VOUTE
Voxel,VOXEL
vulgo,VULGO
Vulva,VULVA
Vuoto,VUOTO
Waage,WAAGE
Wache,WACHE
Wachs,WACHS
Wacke,WACKE
Wafer,WAFER
Waffe,WAFFE
Wagen,WAGEN
wagen,WAGEN
Wagon,WAGON
Waise,WAISE
waise,WAISE
Walke,WALKE
Walze,WALZE
Wamme,WAMME
Wampe,WAMPE
Wange,WANGE
Wanin,WANIN
Wanne,WANNE
Wanst,WANST
Wanze,WANZE
Waran,WARAN
Waray,WARAY
Warft,WARFT
Warte,WARTE
warum,WARUM
Warve,WARVE
Warwe,WARWE
Warze,WARZE
Wasen,WASEN
waser,WASER
waten,WATEN
Watte,WATTE
weben,WEBEN
Weber,WEBER
Wecke,WECKE
weder,WEDER
Wedge,WEDGE
Wedro,WEDRO
wegen,WEGEN
wehen,WEHEN
Wehle,WEHLE
weich,WEICH
Weide,WEIDE
Weihe,WEIHE
Weile,WEILE
weise,WEISE
Weise,WEISE
Weite,WEITE
welch,WELCH
Welfe,WELFE
Welle,WELLE
Welli,WELLI
Welpe,WELPE
Wende,WENDE
wenig,WENIG
wenns,WENNS
Wepse,WEPSE
Werft,WERFT
Werst,WERST
Werth,WERTH
Wesen,WESEN
Wesir,WESIR
Wespe,WESPE
Wessi,WESSI
Weste,WESTE
Wette,WETTE
Whist,WHIST
Wicca,WICCA
Wichs,WICHS
Wicht,WICHT
Wicke,WICKE
wider,WIDER
Wider,WIDER
Wiede,WIEDE
Wiege,WIEGE
Wieke,WIEKE
Wiese,WIESE
Wiesn,WIESN
wieso,WIESO
Wille,WILLE
Winde,WINDE
Wippe,WIPPE
Wisch,WISCH
Witib,WITIB
Witwe,WITWE
Wiyot,WIYOT
wobei,WOBEI
Woche,WOCHE
Wodka,WODKA
wogen,WOGEN
woher,WOHER
wohin,WOHIN
Wolga,WOLGA
Wolke,WOLKE
Wolle,WOLLE
Wolof,WOLOF
womit,WOMIT
Wonne,WONNE
woran,WORAN
worin,WORIN
worum,WORUM
Wossi,WOSSI
Wotin,WOTIN
wovon,WOVON
wovor,WOVOR
Wrack,WRACK
wrack,WRACK
Wruke,WRUKE
Wuchs,WUCHS
Wucht,WUCHT
Wuhne,WUHNE
Wulst,WULST
Wumme,WUMME
Wumms,WUMMS
wumpe,WUMPE
Wunde,WUNDE
Wurst,WURST
wurst,WURST
wusch,WUSCH
Wuzel,WUZEL
Xenie,XENIE
Xenon,XENON
Xeres,XERES
Xhosa,XHOSA
Xiang,XIANG
Xylan,XYLAN
Xylem,XYLEM
Xylit,XYLIT
Xylol,XYLOL
Yacht,YACHT
Yamen,YAMEN
Yapok,YAPOK
Yeast,YEAST
Yerba,YERBA
Yogin,YOGIN
Yomud,YOMUD
Yucca,YUCCA
Yurok,YUROK
Zacke,ZACKE
Zagel,ZAGEL
Zagen,ZAGEN
zagen,ZAGEN
Zakat,ZAKAT
Zamba,ZAMBA
Zambo,ZAMBO
Zamia,ZAMIA
Zamie,ZAMIE
Zande,ZANDE
Zange,ZANGE
Zanne,ZANNE
Zanni,ZANNI
Zarge,ZARGE
Zarin,ZARIN
Zarma,ZARMA
Zatar,ZATAR
Zaupe,ZAUPE
Zebra,ZEBRA
Zeche,ZECHE
Zecke,ZECKE
Zeder,ZEDER
Zeese,ZEESE
zehne,ZEHNE
Zehnt,ZEHNT
zehnt,ZEHNT
Zeile,ZEILE
Zelge,ZELGE
Zelle,ZELLE
Zelot,ZELOT
Zelte,ZELTE
Zenit,ZENIT
Zesel,ZESEL
Zeste,ZESTE
Zetas,ZETAS
Zeuge,ZEUGE
Zeugs,ZEUGS
Zibbe,ZIBBE
Zicke,ZICKE
Zider,ZIDER
Ziege,ZIEGE
Ziest,ZIEST
Zille,ZILLE
Zinke,ZINKE
Zinne,ZINNE
Zirbe,ZIRBE
zirka,ZIRKA
Zitat,ZITAT
Zitze,ZITZE
zivil,ZIVIL
Zivil,ZIVIL
Zloty,ZLOTY
Zobel,ZOBEL
zonal,ZONAL
Zoque,ZOQUE
Zores,ZORES
Zosse,ZOSSE
zotig,ZOTIG
Zotte,ZOTTE
Zuave,ZUAVE
Zubau,ZUBAU
Zuber,ZUBER
Zucht,ZUCHT
zudem,ZUDEM
zugig,ZUGIG
zumal,ZUMAL
Zumpf,ZUMPF
Zunft,ZUNFT
Zunge,ZUNGE
Zurek,ZUREK
Zuruf,ZURUF
Zutat,ZUTAT
Zutun,ZUTUN
zutun,ZUTUN
zuvor,ZUVOR
Zuzug,ZUZUG
Zwang,ZWANG
Zweck,ZWECK
zweie,ZWEIE
Zweig,ZWEIG
zweit,ZWEIT
Zwerg,ZWERG
Zwirn,ZWIRN
Zwist,ZWIST
zwote,ZWOTE
Zyane,ZYANE
Zykas,ZYKAS
Zyste,ZYSTE